StudentID,model_used,historical_rows,Val_MAE_Stress_Level_Score,Val_RMSE_Stress_Level_Score,Val_R2_Stress_Level_Score,Val_MAE_Mental_Health_Status_Score,Val_RMSE_Mental_Health_Status_Score,Val_R2_Mental_Health_Status_Score,Val_MAE,Val_MSE,Val_RMSE,Val_R2,Val_PAE,train_loss_curve,val_loss_curve,horizon_MAE
1,per_student,3865,0.11538397706770122,0.21916418403552923,0.7937446531092226,0.43147794415606916,0.4800341813921716,-0.08144634220905966,0.2734309606118852,0.13923287743440582,0.3731392199091457,0.8484026117389069,7.198825706641367,"[0.6347710490226746, 0.5463429093360901, 0.5372053384780884, 0.5310285687446594, 0.5269743204116821, 0.5248977541923523, 0.5221089720726013, 0.5194068551063538, 0.5175607800483704, 0.5153756737709045, 0.512656569480896, 0.5110507011413574, 0.50786954164505, 0.5064261555671692, 0.5043152570724487, 0.5014565587043762, 0.49949556589126587, 0.49679985642433167, 0.4950338900089264, 0.4926868677139282, 0.4914790689945221, 0.4898756742477417, 0.4876607060432434, 0.4861222803592682, 0.48365268111228943, 0.4819338619709015, 0.48064732551574707, 0.4779042899608612, 0.4777299761772156, 0.4756789207458496, 0.4741319417953491, 0.47175726294517517, 0.47040674090385437, 0.4688316583633423, 0.4681757986545563, 0.46705785393714905, 0.4652458727359772, 0.4640469253063202, 0.46307530999183655, 0.4617478847503662, 0.4610746502876282, 0.45985379815101624, 0.4593709111213684, 0.4590507745742798, 0.4578447639942169, 0.45695018768310547, 0.4558148980140686, 0.4551539123058319, 0.4546073079109192, 0.4536660313606262]","[0.4944351315498352, 0.48662179708480835, 0.4832721948623657, 0.48453378677368164, 0.4854556620121002, 0.4855318069458008, 0.4864019751548767, 0.4873238205909729, 0.4852694869041443, 0.4856199324131012, 0.48543494939804077, 0.489536851644516, 0.4860554337501526, 0.4914867579936981, 0.48588263988494873, 0.48729822039604187, 0.4917874336242676, 0.49247458577156067, 0.4967365860939026, 0.4990866780281067, 0.500937819480896, 0.4948449432849884, 0.5028718709945679, 0.5059322714805603, 0.5043361783027649, 0.5060681700706482, 0.5061144232749939, 0.5045061111450195, 0.5047171115875244, 0.5010181069374084, 0.5047679543495178, 0.5072875022888184, 0.5103667378425598, 0.5056818723678589, 0.503396213054657, 0.5070509910583496, 0.5072153210639954, 0.5076770186424255, 0.5070533156394958, 0.5088165402412415, 0.5110076665878296, 0.5103214979171753, 0.5096925497055054, 0.5077206492424011, 0.5087896585464478, 0.5059323310852051, 0.5104291439056396, 0.5134201049804688, 0.5107409358024597, 0.5102115273475647]","[0.28153611449407717, 0.2844243203716175, 0.2818772040534918, 0.28345223956304993, 0.28704998983300994, 0.2871934873197408, 0.2855333195768524, 0.28562116687130884, 0.28460149512470734, 0.28269623629280655, 0.277408108355969, 0.2757670558333611, 0.2781432108348319, 0.2748641838291175, 0.27363455862716457, 0.271520033987035, 0.27496976709023413, 0.2803557121347054, 0.2750165936548791, 0.2699092692917939, 0.27409576920247375, 0.2702829371234887, 0.26607585541863843, 0.26697960608309435, 0.2732283034273281, 0.27420601275493683, 0.27408580677299565, 0.2713242859129846, 0.27090677281898484, 0.2656133626479007, 0.27288566575230133, 0.2730417010814112, 0.2735957629590745, 0.27893593302749004, 0.27284641304392787, 0.27057190215352195, 0.27176579613659924, 0.2721223746638752, 0.2743771486051207, 0.2707356609390711, 0.27010061978437744, 0.2697353220713631, 0.2618290433121755, 0.2662449959578591, 0.2656954702397865, 0.27157675813301674, 0.27462696290743843, 0.2703226524366725, 0.273563405234681, 0.2735929035412773, 0.26796803279667825, 0.2685238883782118, 0.2689111293753345, 0.2652660868326252, 0.2745876071483057, 0.27366406709972363, 0.27630187065425854, 0.2751018724920934, 0.26921908859718635, 0.26773648030882036, 0.27479594828196446, 0.26974633523334934, 0.26430495904634843, 0.26723126609620756, 0.2659540702881462, 0.2688688330847228, 0.27269593389500835, 0.26935330605806523, 0.2664670260419109, 0.26696852379256136, 0.26284258444818603, 0.2670850603969992, 0.2705137593741905, 0.27326106404487704, 0.2752932778808758, 0.27955518622800735, 0.28230028039035077, 0.28800150768119087, 0.2810548538579547, 0.28194001354477777, 0.27314536404566875, 0.27883809665803205, 0.2727307115465777, 0.2727882911315726, 0.27154189284014746, 0.2706525845844399, 0.2670927346287767, 0.27140552575969185, 0.271482896333965, 0.27305517290824194]"
10,per_student,3865,0.14774610809573105,0.25424571480674174,0.745087932558753,0.47857243118708465,0.5499153628842233,0.3123707075307689,0.31315926964140783,0.18352389491683904,0.42839688948081667,0.8053465645516886,9.106136390339495,"[0.5576580762863159, 0.44826480746269226, 0.43712595105171204, 0.4306172728538513, 0.4252328872680664, 0.4222264885902405, 0.4196617305278778, 0.4164563715457916, 0.41551321744918823, 0.4131852090358734, 0.41124576330184937, 0.40921643376350403, 0.4074922502040863, 0.4064241647720337, 0.40441927313804626, 0.40252095460891724, 0.4012775123119354, 0.40031322836875916, 0.39896512031555176, 0.398349791765213, 0.3955327868461609, 0.3953600227832794, 0.3948194086551666, 0.39359092712402344, 0.3929019570350647, 0.3920800983905792, 0.3914303481578827, 0.39129364490509033, 0.39076897501945496, 0.3899441659450531, 0.3893880248069763, 0.3893786072731018, 0.3881875276565552, 0.3877752125263214, 0.38634973764419556, 0.3856683075428009, 0.38558629155158997, 0.3849988579750061, 0.3841773271560669, 0.38412728905677795, 0.383983314037323, 0.3830585777759552, 0.3822876214981079, 0.3818110525608063, 0.3819059729576111, 0.38215309381484985, 0.38084158301353455, 0.37967804074287415, 0.3797184228897095, 0.3788434863090515]","[0.4486258029937744, 0.4327409267425537, 0.42268186807632446, 0.42224714159965515, 0.42048028111457825, 0.4232216477394104, 0.4213436543941498, 0.4221106767654419, 0.4229743778705597, 0.4243074953556061, 0.42136210203170776, 0.4232707917690277, 0.4280022978782654, 0.42595407366752625, 0.4270554780960083, 0.4247734546661377, 0.42579057812690735, 0.43264228105545044, 0.4257262051105499, 0.4348492920398712, 0.4314271807670593, 0.4278344213962555, 0.433762788772583, 0.42554473876953125, 0.42811092734336853, 0.43365731835365295, 0.4299429953098297, 0.4329220950603485, 0.429948091506958, 0.4306367039680481, 0.43072572350502014, 0.42826488614082336, 0.43005385994911194, 0.4326477348804474, 0.4272112250328064, 0.4290787875652313, 0.4281424283981323, 0.4306778013706207, 0.43101078271865845, 0.43133124709129333, 0.4365304708480835, 0.4332253932952881, 0.4322088956832886, 0.4286864697933197, 0.4323904514312744, 0.43113628029823303, 0.43336471915245056, 0.4360666871070862, 0.43426403403282166, 0.4309212565422058]","[0.3087004884355158, 0.31177469622510984, 0.3092895411289359, 0.3045160433334337, 0.3044178971696371, 0.30093763728544143, 0.3058714721104401, 0.30444803721600844, 0.30664421144464926, 0.3074853656749965, 0.3093856918747592, 0.31030392507676374, 0.3088906491894268, 0.31207247910422525, 0.3112396502623224, 0.3135087957716074, 0.31293381608795223, 0.31254919341479426, 0.3137106469546443, 0.3148258649468208, 0.3141760464416586, 0.3105501649195673, 0.3079395453634553, 0.3135751065274757, 0.3095779845915748, 0.30827527103989083, 0.31000220197749523, 0.31278475204104794, 0.3107170612422525, 0.3141297252858777, 0.3148652264845007, 0.31377969952417234, 0.31354644889249406, 0.31498640165722774, 0.3144172458931188, 0.3166445949561292, 0.31558519740935076, 0.3180693704735227, 0.31877970545681417, 0.3188540013089, 0.3182537983735117, 0.3172117362544609, 0.31827190448822623, 0.32003373271473007, 0.3206080542860596, 0.3159544815708962, 0.3163047614816703, 0.31486197123621695, 0.3136211420732084, 0.3133848873460314, 0.3123502667117162, 0.31238686235845625, 0.31104345873827566, 0.30759515614655114, 0.3091925392245048, 0.30975769805308945, 0.3121123439105666, 0.31005516461024807, 0.31157326013438363, 0.3104085593720099, 0.31486550374775857, 0.31576304386505316, 0.31754353658515205, 0.31082209265210686, 0.3129061135184187, 0.31195329474803574, 0.3134509228718345, 0.31184216525867126, 0.31317753744724625, 0.31316518847775415, 0.31095001406472716, 0.3121579102168605, 0.3117939351491055, 0.31129010992803524, 0.3090744458366339, 0.3149095703070211, 0.3137673956059468, 0.3173966933195638, 0.31995019568147093, 0.3165529007543567, 0.3163138861288074, 0.31897930600270763, 0.3187837763363412, 0.31879196196955023, 0.3174081764700597, 0.31769438277883205, 0.3198823241827946, 0.31574887754245123, 0.31782143805142576, 0.3198339349491592]"
2,per_student,3865,0.12842189849742797,0.24293172833156126,0.7609557932774452,0.46042896743879425,0.5316887072498385,0.2070897262865926,0.29442543296811113,0.17085435302358196,0.4133453193439862,0.8148347516865108,8.201453711012165,"[0.5632277727127075, 0.45433640480041504, 0.4412093758583069, 0.4358113408088684, 0.43164411187171936, 0.42844825983047485, 0.425609290599823, 0.42363640666007996, 0.42175552248954773, 0.41922008991241455, 0.4182724356651306, 0.4165773093700409, 0.4145204722881317, 0.4134758412837982, 0.41284921765327454, 0.4117123782634735, 0.41018661856651306, 0.4098639488220215, 0.40771743655204773, 0.40686044096946716, 0.4059615433216095, 0.40466782450675964, 0.4037226736545563, 0.4028286635875702, 0.40137770771980286, 0.40103861689567566, 0.3992190659046173, 0.3992355763912201, 0.39813899993896484, 0.39647147059440613, 0.3953748047351837, 0.3945555090904236, 0.393446683883667, 0.3934429883956909, 0.3913032114505768, 0.3911632299423218, 0.389893501996994, 0.3896707594394684, 0.38770729303359985, 0.3885572552680969, 0.38722264766693115, 0.38700416684150696, 0.38555994629859924, 0.3849593698978424, 0.3848450481891632, 0.38405001163482666, 0.38365280628204346, 0.383919894695282, 0.3823845386505127, 0.3821896016597748]","[0.4331676959991455, 0.4197841286659241, 0.42047837376594543, 0.41618552803993225, 0.42022672295570374, 0.4167357087135315, 0.4151030480861664, 0.4156627953052521, 0.41596657037734985, 0.4210337996482849, 0.4176206886768341, 0.4190947413444519, 0.4180649220943451, 0.41947150230407715, 0.4178276062011719, 0.4244897961616516, 0.4192171096801758, 0.4229881167411804, 0.4231681525707245, 0.42850205302238464, 0.4260750710964203, 0.424335241317749, 0.4252978265285492, 0.4247693419456482, 0.42614468932151794, 0.42745643854141235, 0.4308769106864929, 0.4257676303386688, 0.42932364344596863, 0.4285224378108978, 0.4288840889930725, 0.4293100833892822, 0.43266910314559937, 0.43065306544303894, 0.42971694469451904, 0.4310787618160248, 0.4321144223213196, 0.4316134750843048, 0.4290071129798889, 0.4322960674762726, 0.4355475902557373, 0.43387123942375183, 0.4316677749156952, 0.43029090762138367, 0.4367138743400574, 0.43680545687675476, 0.4356161653995514, 0.43325337767601013, 0.4333868622779846, 0.4311239719390869]","[0.30142159532601787, 0.30133986772711874, 0.2990144861450743, 0.29493330967490505, 0.2963469343082695, 0.29345191381136004, 0.29578964714516, 0.2959228894226855, 0.2888853835674334, 0.2886048388438336, 0.28943330156524905, 0.289839066979701, 0.2936711618459417, 0.28930682104408634, 0.29029319519628527, 0.289694855949395, 0.2886894996975226, 0.28899874667933, 0.286008920768005, 0.2843915061419913, 0.28604972480229457, 0.28363928685710504, 0.2841047465908249, 0.28248557592850826, 0.2862915583958104, 0.2856485808345103, 0.28603500620038974, 0.290631464610622, 0.2924310532891772, 0.28736927789674416, 0.28511602093116173, 0.29101840490926745, 0.29082614129920836, 0.28877761890473014, 0.28565763014651285, 0.28335847311002776, 0.2857259788033778, 0.28901853638448666, 0.2894745792263928, 0.29501997621954024, 0.2915689974113683, 0.2911097180479519, 0.29337320004588185, 0.2920044505403543, 0.29304475844227434, 0.29782996539367596, 0.2954186461130207, 0.2927733314101529, 0.29801084366050185, 0.2971311435237179, 0.3007373906123574, 0.29976740078181296, 0.2998928383822073, 0.30228654657702897, 0.29844394952219305, 0.29714909811208234, 0.29771447887968544, 0.2995588159860786, 0.29850434561392136, 0.30075275587650346, 0.2941910000635007, 0.30088085374883516, 0.29968075553219453, 0.30351429064783203, 0.2997630628049909, 0.2983625729165343, 0.30074844154892105, 0.2977452221421836, 0.29751924648747197, 0.296899794248105, 0.2965902365088677, 0.29677031594504144, 0.29556152882653036, 0.2994804167233849, 0.29835212712227976, 0.2973540384636747, 0.2944389775368641, 0.2984843056120607, 0.29525185530232784, 0.2948581704759512, 0.2938257782206715, 0.29860457804729523, 0.2979828875839603, 0.2997262840639111, 0.29990945801914703, 0.29933746060092314, 0.3044078047228459, 0.30501449814390663, 0.3026558379082534, 0.3085869150487054]"
3,per_student,3865,0.17347555026878694,0.2935008364783976,0.6540479191750377,0.4614158227394708,0.5727713712141421,0.41371816831975916,0.31744568650412885,0.20710489234802376,0.4550877853206168,0.7670239555790934,10.397441595514492,"[0.5466710925102234, 0.4384618401527405, 0.42867809534072876, 0.4227733612060547, 0.4193728566169739, 0.41587352752685547, 0.4135906398296356, 0.4106657803058624, 0.4096972942352295, 0.4080501198768616, 0.40699636936187744, 0.40576842427253723, 0.4046269953250885, 0.40409135818481445, 0.40229326486587524, 0.4012347459793091, 0.4003313481807709, 0.40023958683013916, 0.39833566546440125, 0.3979182541370392, 0.39641398191452026, 0.3967587947845459, 0.3961155414581299, 0.395598441362381, 0.395074725151062, 0.3927765190601349, 0.3934851288795471, 0.3919652998447418, 0.3915325403213501, 0.391282320022583, 0.39060232043266296, 0.3903498947620392, 0.38962292671203613, 0.3893151879310608, 0.3889968693256378, 0.3877772390842438, 0.3878307342529297, 0.3870444893836975, 0.38697299361228943, 0.3871217668056488, 0.3863392174243927, 0.3860495090484619, 0.38619667291641235, 0.38503140211105347, 0.3842547833919525, 0.38419023156166077, 0.3833802044391632, 0.3831782042980194, 0.3827398121356964, 0.38239046931266785]","[0.4130050837993622, 0.4085830748081207, 0.40529248118400574, 0.4056883156299591, 0.40490883588790894, 0.4061828851699829, 0.4054313004016876, 0.40426185727119446, 0.4039175808429718, 0.40267428755760193, 0.404914915561676, 0.4035501778125763, 0.4023660719394684, 0.40673956274986267, 0.4014609456062317, 0.404502272605896, 0.40438011288642883, 0.4055161476135254, 0.405752032995224, 0.4033849835395813, 0.4049360454082489, 0.4052693545818329, 0.4081224501132965, 0.40638530254364014, 0.40473678708076477, 0.404551237821579, 0.4079835116863251, 0.41013336181640625, 0.40658146142959595, 0.40711280703544617, 0.4086635112762451, 0.41018885374069214, 0.4089820683002472, 0.40988782048225403, 0.4087914526462555, 0.40851035714149475, 0.40923377871513367, 0.4075701832771301, 0.40802672505378723, 0.40805065631866455, 0.4094317853450775, 0.4095640480518341, 0.41206982731819153, 0.40935462713241577, 0.41341298818588257, 0.416366845369339, 0.40764978528022766, 0.4105047583580017, 0.4130995273590088, 0.41174474358558655]","[0.31381124750288, 0.3142304400139266, 0.31491945889950657, 0.3187916803188769, 0.31319491054254117, 0.31566924969640625, 0.31610180049653114, 0.31562688855765325, 0.31628697832354097, 0.3139153740350391, 0.31415805996427415, 0.3138507321022143, 0.31581628622229696, 0.3147342301356728, 0.3107357886578065, 0.3108867762118738, 0.3142246463782483, 0.3129651129138748, 0.31625274706571704, 0.3085489603732604, 0.3124015335548716, 0.3070488030649387, 0.30832565034099285, 0.3084474942200488, 0.30781789474470184, 0.31347469164182296, 0.31012500766363776, 0.3130055745157348, 0.31290183118686643, 0.3136426229665267, 0.3118135076236896, 0.3111370402777858, 0.3118004758225309, 0.31407536039232564, 0.3128580416768415, 0.31279630003968517, 0.3161632361917136, 0.31494674188230365, 0.3124335565515652, 0.3160276774658121, 0.3156654836887517, 0.31747164182645843, 0.3239532512223057, 0.32214320540642183, 0.3207112592469426, 0.31753323429148755, 0.31938904866281914, 0.3185617976171538, 0.3223206473638168, 0.31934842322844365, 0.32316781888102286, 0.3186829026982429, 0.3207100246710238, 0.323853299476514, 0.3263741911420702, 0.3229392631049644, 0.32049409555575575, 0.3240841584316918, 0.32452904097267715, 0.330861593384289, 0.3267228310155269, 0.3261237973798755, 0.32111877384904897, 0.3244245524252338, 0.322819343054102, 0.3249821379325976, 0.3217698995900111, 0.3227235695190019, 0.3211057215019445, 0.320910085788535, 0.3205581053797176, 0.3190552708918573, 0.31736727141820337, 0.32138599238661075, 0.3192824178794984, 0.3192450583944201, 0.3152917025333247, 0.31839887062137817, 0.32074655910796707, 0.3232681132732645, 0.3209940928103038, 0.32193572281507016, 0.31956877132720535, 0.3222131515105708, 0.31128461335248964, 0.3177561565190286, 0.3193563113734795, 0.3168721685931755, 0.31728240018259046, 0.3167895318361758]"
4,per_student,3865,0.11116129466689753,0.20971816053838319,0.8187793272769421,0.4450040817593663,0.5323942485828546,0.08490724572459096,0.27808268821313187,0.16371267139185275,0.40461422539482317,0.8214292901777736,7.672510647335705,"[0.5988161563873291, 0.5012505650520325, 0.48728835582733154, 0.4808616638183594, 0.4766882658004761, 0.47420766949653625, 0.47216665744781494, 0.4695644676685333, 0.46842747926712036, 0.4657752513885498, 0.4643099308013916, 0.4622887074947357, 0.4608209729194641, 0.45965713262557983, 0.4576423168182373, 0.4564993679523468, 0.45532944798469543, 0.45400547981262207, 0.4520249664783478, 0.45136287808418274, 0.45073920488357544, 0.44873446226119995, 0.44787687063217163, 0.4467296600341797, 0.446389764547348, 0.4452882707118988, 0.4442889094352722, 0.4436001479625702, 0.44309449195861816, 0.44249600172042847, 0.4411391615867615, 0.44038867950439453, 0.43934395909309387, 0.43873539566993713, 0.43787962198257446, 0.43711623549461365, 0.43670153617858887, 0.43561407923698425, 0.43483778834342957, 0.43448343873023987, 0.433996319770813, 0.4336126148700714, 0.4337886571884155, 0.4320848286151886, 0.43095719814300537, 0.4308246076107025, 0.43000203371047974, 0.4298296570777893, 0.4288618564605713, 0.4282149076461792]","[0.47538596391677856, 0.45919787883758545, 0.4566802382469177, 0.45814749598503113, 0.45873787999153137, 0.4639469087123871, 0.45661410689353943, 0.4526785612106323, 0.4542233645915985, 0.4557066857814789, 0.458939790725708, 0.4563795030117035, 0.46137920022010803, 0.4551455080509186, 0.46071451902389526, 0.4584091305732727, 0.45608723163604736, 0.45857906341552734, 0.46133023500442505, 0.460336297750473, 0.4567166268825531, 0.4618552625179291, 0.4618188440799713, 0.4587732255458832, 0.45941153168678284, 0.4612889587879181, 0.4614356458187103, 0.46085673570632935, 0.46409451961517334, 0.4620000720024109, 0.45932430028915405, 0.4621259868144989, 0.46390751004219055, 0.4671389162540436, 0.46764177083969116, 0.4683186411857605, 0.46161919832229614, 0.4658922553062439, 0.46603792905807495, 0.4649716317653656, 0.46279868483543396, 0.4593459367752075, 0.4646156132221222, 0.459873229265213, 0.46119818091392517, 0.4577694237232208, 0.4612237811088562, 0.45922139286994934, 0.4597179889678955, 0.4622231721878052]","[0.2789735563995594, 0.27461632224772947, 0.2721692638294487, 0.2695628384285384, 0.26648121184035733, 0.2720315791332101, 0.26680395215803243, 0.2690117902772859, 0.27370745542875524, 0.27655511891178425, 0.27778476358958165, 0.27976268872324395, 0.2805947726676023, 0.2865554475270653, 0.27999724348742827, 0.28550688486338943, 0.2835091200508378, 0.2762645552573555, 0.27748433274469425, 0.28061523396836147, 0.279136799824302, 0.27654934346782883, 0.27631856380716047, 0.27938454016320796, 0.2788751259098361, 0.279661623215975, 0.27625308098870077, 0.28084925710619885, 0.28149125038828415, 0.2830352264203974, 0.2784312561127613, 0.28328528920024687, 0.28329967328847205, 0.28584659688134595, 0.284647672565878, 0.28316306532820423, 0.2831915467174948, 0.28564403044257175, 0.2843440101219465, 0.28854613072996294, 0.28759376921388363, 0.28646868017888366, 0.2857468989635926, 0.28543365087286576, 0.2837303829792372, 0.28407685386428283, 0.27865635792271665, 0.27795525438267626, 0.280678510986924, 0.27813016330318346, 0.28210070520585917, 0.2770845561524054, 0.28030088549242416, 0.2828213570361934, 0.28213472490464764, 0.28555658946559503, 0.28834401319870184, 0.2802757071849474, 0.28116785581064824, 0.27236940124518566, 0.2747332628154241, 0.2742004005014361, 0.28222953545554963, 0.2768904614919392, 0.2770732314839183, 0.2823275796386883, 0.27963127332273036, 0.27382342220422823, 0.2755992317328119, 0.2770614385390838, 0.2736496885760254, 0.2776949589727597, 0.27717664554260363, 0.2741964530045939, 0.2745181543608756, 0.2797472250097744, 0.2727349941991604, 0.2689639779352842, 0.27062918392931323, 0.2680903579003079, 0.26608608034397585, 0.27037249518896134, 0.2758933693117042, 0.27061847628126023, 0.26991934258377104, 0.27025247936402874, 0.27233500679690703, 0.2739332889740086, 0.27445681957624973, 0.2720345715646042]"
5,per_student,3865,0.16673172284285512,0.278246944854402,0.69938794435799,0.5074726346103631,0.6082154091372977,0.3860027901975248,0.33710217872660914,0.22367367311642952,0.4729415113060277,0.7659954068910879,10.68402253570494,"[0.5339494943618774, 0.43084245920181274, 0.421245276927948, 0.4150899350643158, 0.41052988171577454, 0.40650027990341187, 0.4037456214427948, 0.4016985297203064, 0.3988264799118042, 0.397536963224411, 0.39675742387771606, 0.3947422504425049, 0.3931366205215454, 0.3916707932949066, 0.39095669984817505, 0.3907270133495331, 0.3879680037498474, 0.38704052567481995, 0.38602378964424133, 0.384295254945755, 0.3837800621986389, 0.38278424739837646, 0.38201671838760376, 0.38144615292549133, 0.3807727098464966, 0.3796710669994354, 0.3793357014656067, 0.3778116703033447, 0.37814027070999146, 0.3772130012512207, 0.3768771290779114, 0.3766482472419739, 0.3759458363056183, 0.3757103681564331, 0.3751363158226013, 0.3745613396167755, 0.3736966550350189, 0.3738034963607788, 0.3736748695373535, 0.3727185130119324, 0.3725558817386627, 0.3730223476886749, 0.37250226736068726, 0.3713279068470001, 0.3719657361507416, 0.37077200412750244, 0.3708672523498535, 0.37016546726226807, 0.3703126013278961, 0.3700598180294037]","[0.41704705357551575, 0.4078224301338196, 0.40852275490760803, 0.40327614545822144, 0.40266773104667664, 0.40125933289527893, 0.3993021249771118, 0.39640140533447266, 0.39822378754615784, 0.40151506662368774, 0.39786142110824585, 0.39904171228408813, 0.40239274501800537, 0.404030442237854, 0.40169501304626465, 0.4042300581932068, 0.40835413336753845, 0.4077499210834503, 0.4070940911769867, 0.4095717668533325, 0.4057125747203827, 0.4109513461589813, 0.40999171137809753, 0.4085148572921753, 0.4106431305408478, 0.40906664729118347, 0.41392219066619873, 0.411408007144928, 0.4146851599216461, 0.4141669273376465, 0.41683101654052734, 0.4140498638153076, 0.40895265340805054, 0.407641738653183, 0.41259294748306274, 0.4130392372608185, 0.411668062210083, 0.40902799367904663, 0.4124530553817749, 0.41333234310150146, 0.4125378131866455, 0.4109986424446106, 0.41332927346229553, 0.4083249568939209, 0.40957948565483093, 0.41396772861480713, 0.4107484519481659, 0.40830400586128235, 0.41207870841026306, 0.41338810324668884]","[0.3365319334840004, 0.33831069242590417, 0.3370524481126179, 0.337261363462657, 0.34338197192341036, 0.338396360672997, 0.34086664189556126, 0.33533102637775497, 0.33524113369159253, 0.34181921422160505, 0.33835775751613845, 0.3372163436571186, 0.3409078462547631, 0.33850398493840406, 0.3360950777731849, 0.33420294416229, 0.3367700657039827, 0.3321861713536124, 0.3365902319630772, 0.3357877414573245, 0.33703414777450974, 0.3334535577566876, 0.3316886523467634, 0.3305361583374133, 0.33035991574960294, 0.3337234311086699, 0.3314413116907089, 0.3360726437406009, 0.3273913514678311, 0.332432042225473, 0.3301890177829475, 0.3313619302890031, 0.33065646137754623, 0.33066358579125393, 0.33320791139208866, 0.33345211140771314, 0.33739557396787717, 0.3349966525603454, 0.3380592350899852, 0.3413976870704596, 0.3355799267065161, 0.33752574912093486, 0.3388536589577981, 0.33865752607530497, 0.34208992845922226, 0.34347991423290125, 0.34244376923922365, 0.3412724304242023, 0.34322503749515254, 0.3442372707533023, 0.3382280893770968, 0.33918424793376956, 0.3434208216316182, 0.3426389518717247, 0.34148510150892303, 0.3413024646375509, 0.3442214386039405, 0.3403088177555981, 0.346620548670339, 0.3440923158955531, 0.3452499929407555, 0.34362142389937833, 0.3456051866498841, 0.34536662157390874, 0.34069518865331927, 0.3437005664544645, 0.3409705424223169, 0.33959299272437926, 0.33617742806405526, 0.338799590482318, 0.3369204396619403, 0.33525306574960156, 0.33544502202655513, 0.33709816498217077, 0.3361629361096148, 0.3307743598999626, 0.3290417637388411, 0.33223572614163, 0.3292244893216145, 0.3291066073857689, 0.3299716026179452, 0.3294790550879131, 0.33276471008732245, 0.33274703276221584, 0.33741845326962977, 0.3368635097354704, 0.3322618216329674, 0.3364459095352214, 0.3370944969957992, 0.33791504546170603]"
6,per_student,3865,0.13727981650184876,0.24472668435991785,0.7597228053956329,0.45654435496879103,0.5333666726257805,0.38101706937554536,0.2969120857353199,0.17218557875284776,0.41495250180333626,0.8070772806127717,8.530280091972973,"[0.5393360257148743, 0.4282921552658081, 0.41563543677330017, 0.4108254611492157, 0.4068700671195984, 0.4035312235355377, 0.40184369683265686, 0.3998381495475769, 0.3973439037799835, 0.3954189717769623, 0.394683301448822, 0.3930411636829376, 0.39179444313049316, 0.39085814356803894, 0.38946017622947693, 0.38870006799697876, 0.3874250650405884, 0.3858192265033722, 0.3842846155166626, 0.383710652589798, 0.3829765319824219, 0.38181284070014954, 0.38140422105789185, 0.3790530562400818, 0.37872540950775146, 0.37708330154418945, 0.3769579827785492, 0.3759358823299408, 0.3752592206001282, 0.3744392693042755, 0.3727229833602905, 0.37180963158607483, 0.3708532750606537, 0.3700706362724304, 0.3697985112667084, 0.3687489628791809, 0.3680807650089264, 0.36745646595954895, 0.36582139134407043, 0.3665096163749695, 0.3657221496105194, 0.36609023809432983, 0.3651101589202881, 0.3644251823425293, 0.3634212911128998, 0.36311328411102295, 0.3623807430267334, 0.3615987300872803, 0.3607860207557678, 0.3606702983379364]","[0.40993455052375793, 0.39861032366752625, 0.3935492932796478, 0.3924078345298767, 0.3886256814002991, 0.38748762011528015, 0.38578104972839355, 0.38780438899993896, 0.387464702129364, 0.3854597508907318, 0.3887576758861542, 0.3909406065940857, 0.3903805613517761, 0.3888466954231262, 0.3929828703403473, 0.3916797637939453, 0.3907586634159088, 0.38999462127685547, 0.3910902142524719, 0.39286768436431885, 0.3943183422088623, 0.39510637521743774, 0.3956785202026367, 0.3986748456954956, 0.3976227045059204, 0.3984730839729309, 0.39957934617996216, 0.39891156554222107, 0.3980042040348053, 0.4006624221801758, 0.4060698449611664, 0.4057961106300354, 0.40463173389434814, 0.40767309069633484, 0.4057494103908539, 0.4075503647327423, 0.4049563705921173, 0.4055396318435669, 0.408355176448822, 0.40646666288375854, 0.40493327379226685, 0.40764570236206055, 0.4084211587905884, 0.407216876745224, 0.410014808177948, 0.4069689214229584, 0.40543392300605774, 0.40651753544807434, 0.40781888365745544, 0.40420207381248474]","[0.2954266691978359, 0.29736578582219203, 0.29048769574619066, 0.2936448611091669, 0.2922536604494338, 0.2901787979384513, 0.29673883035324206, 0.296267810586967, 0.2960789075231638, 0.3022570575803144, 0.30004143554389584, 0.29753952597801303, 0.2986221055582139, 0.29036491392330804, 0.29798354484020484, 0.2976146706344837, 0.2924561602208944, 0.29096969871161443, 0.29871314218271144, 0.2981249297328655, 0.2931276514885455, 0.2942852060071442, 0.2918615308013382, 0.2910295079597665, 0.28873878332186004, 0.2947685866210362, 0.2927481757888246, 0.2882733296877178, 0.2856025425065142, 0.2947198356931471, 0.28896179618698475, 0.2869225049147272, 0.2903097052548475, 0.28944320150080877, 0.2896787700790049, 0.28887299222192814, 0.289608262064641, 0.2915980861901809, 0.2899805632699114, 0.28441248248252665, 0.29190690491743104, 0.29163822055505034, 0.2901615061708584, 0.2922435129994336, 0.2954756613265676, 0.29808826281737594, 0.2947195521162913, 0.29952625858077453, 0.29683783805562947, 0.29627400337044596, 0.298965143665163, 0.29837525318940195, 0.29637277960991304, 0.29779683719631583, 0.29682154672578165, 0.30187201104001465, 0.29490923228768945, 0.29472398618821394, 0.2967787655722517, 0.3013166438527338, 0.29175027033156936, 0.2930697686368302, 0.30063090868013337, 0.2985409245670805, 0.2957671244011747, 0.29751119322579894, 0.29798020826421906, 0.2910040402968867, 0.2949975999724287, 0.2963486973002312, 0.2957668921891834, 0.29890236328063363, 0.29879030826061803, 0.3002588250264659, 0.3025042595512349, 0.30398266929698375, 0.30370993684823466, 0.30327472716730414, 0.30682353389113337, 0.31310852468548817, 0.309757983877158, 0.3095306901786229, 0.3052374964556531, 0.30892059897177954, 0.307754215689065, 0.30708541315804694, 0.31475195443822834, 0.31149705211820894, 0.3126003645908897, 0.30735153291555023]"
7,per_student,3865,0.13806593892770733,0.23918335250867173,0.7708803042744155,0.49811116793948496,0.5773146292066581,0.31279141971724456,0.31808855343359616,0.19525042860665437,0.4418715068961274,0.7991764908602065,8.942582836140964,"[0.5509127974510193, 0.42963817715644836, 0.4183233082294464, 0.4123324751853943, 0.40883782505989075, 0.4048638939857483, 0.40281739830970764, 0.4009416997432709, 0.39908093214035034, 0.39721453189849854, 0.39603185653686523, 0.3946787118911743, 0.3934764862060547, 0.39307859539985657, 0.3917023539543152, 0.39081138372421265, 0.38947221636772156, 0.38911429047584534, 0.38786396384239197, 0.38642746210098267, 0.385968416929245, 0.38576260209083557, 0.38393649458885193, 0.3831966519355774, 0.3829517364501953, 0.38227564096450806, 0.38203519582748413, 0.3798244893550873, 0.379727303981781, 0.3794752061367035, 0.37856969237327576, 0.37792864441871643, 0.3769419491291046, 0.3765256404876709, 0.376731276512146, 0.37598904967308044, 0.3749079704284668, 0.3747021555900574, 0.3742104768753052, 0.37407541275024414, 0.3743157386779785, 0.37316954135894775, 0.3722316324710846, 0.37215369939804077, 0.3717579245567322, 0.3709455728530884, 0.3705398738384247, 0.37056073546409607, 0.370297908782959, 0.3694165050983429]","[0.45908913016319275, 0.4488694965839386, 0.4491623342037201, 0.44278350472450256, 0.44367191195487976, 0.4395757019519806, 0.4372500479221344, 0.436315655708313, 0.43527549505233765, 0.4352826774120331, 0.43428999185562134, 0.4333398640155792, 0.438144326210022, 0.43551456928253174, 0.4337187111377716, 0.4382304549217224, 0.43663489818573, 0.4333677291870117, 0.4398951232433319, 0.43357235193252563, 0.44185423851013184, 0.43633168935775757, 0.4386478662490845, 0.4397662580013275, 0.44495880603790283, 0.43723735213279724, 0.4368313252925873, 0.4417252540588379, 0.4406307637691498, 0.441124826669693, 0.4393603801727295, 0.4433486759662628, 0.4468657374382019, 0.4475562870502472, 0.4421542286872864, 0.4481339752674103, 0.4463373124599457, 0.44854459166526794, 0.444637656211853, 0.44474101066589355, 0.4490663409233093, 0.44787147641181946, 0.4475530683994293, 0.44453272223472595, 0.4481508433818817, 0.445566326379776, 0.44057124853134155, 0.44485440850257874, 0.4406314790248871, 0.44401007890701294]","[0.312629010775787, 0.3148350084277415, 0.3158752081424158, 0.3176657739404716, 0.3178997706468058, 0.3166091847676563, 0.31686351446959876, 0.32118471274470084, 0.3213575465246848, 0.3258224045138813, 0.32327319860886417, 0.3258346824286442, 0.32815422403962224, 0.32587690894864835, 0.32805130351167605, 0.3282653638019596, 0.3321103880606605, 0.3248539147513987, 0.329815752737398, 0.3274265029057994, 0.3273590232782347, 0.32730756863229366, 0.32602691190247046, 0.3258834406332225, 0.3261440595347749, 0.32336933651347133, 0.3238007707698555, 0.32320798138955764, 0.3218645412789213, 0.3253015665006381, 0.32279960118247536, 0.3229292590485441, 0.32364837517644174, 0.32423645022527536, 0.32447476457650615, 0.3234165994654438, 0.3222769382184027, 0.3257026847859901, 0.327300361392742, 0.3289659695308555, 0.3245080514698953, 0.3354357591223246, 0.3291336093599535, 0.3289449523124489, 0.32423772771225795, 0.3248249903401524, 0.3284197287028739, 0.32745081721345226, 0.32591770420810695, 0.32376159703496116, 0.3205721607328103, 0.3215516355136139, 0.3234623286411621, 0.31801162512982983, 0.3197617723440996, 0.31436839073735895, 0.3116252139826009, 0.31363285700765503, 0.31380910633710385, 0.31278988306997496, 0.30743528075877385, 0.30959541236904836, 0.3080016562925849, 0.30622157406336104, 0.30680389175295186, 0.3073749425595282, 0.3080167941601957, 0.3088181518566673, 0.3098566297782816, 0.3097805999339804, 0.3107857026788448, 0.308797220995439, 0.3053410275834253, 0.3071464440338916, 0.30977097993693187, 0.3054040031544396, 0.30723420465013923, 0.30862130082916317, 0.3070545683429314, 0.3078346035210834, 0.3076604554426306, 0.30660603515121626, 0.3081727442022286, 0.3072193500383538, 0.3061286418613454, 0.30763052642024397, 0.3075008419086518, 0.3081526465219056, 0.30813027198695625, 0.30823281648129064]"
8,per_student,3865,0.1567301526627045,0.26238391861264565,0.7280127042725881,0.46992662926526835,0.5593820085818957,0.37839939977307113,0.3133283909639864,0.1908767761358217,0.43689446796202597,0.7933489149114061,9.39022209051375,"[0.533899188041687, 0.4313315749168396, 0.41974368691444397, 0.4130285382270813, 0.4091421067714691, 0.40680932998657227, 0.4037846028804779, 0.4025571942329407, 0.40081480145454407, 0.39974892139434814, 0.3984915614128113, 0.39792707562446594, 0.39637380838394165, 0.3961503505706787, 0.39456188678741455, 0.393266886472702, 0.39288079738616943, 0.3916786015033722, 0.39099130034446716, 0.3895968198776245, 0.3891550898551941, 0.3877207338809967, 0.38713616132736206, 0.3853192925453186, 0.3850266635417938, 0.38370245695114136, 0.3832627236843109, 0.38278838992118835, 0.3816305696964264, 0.3809669315814972, 0.3797721862792969, 0.37904277443885803, 0.3794434666633606, 0.37855565547943115, 0.37733373045921326, 0.37679556012153625, 0.37527182698249817, 0.37570086121559143, 0.3751693665981293, 0.37436845898628235, 0.37383970618247986, 0.37262818217277527, 0.3723177909851074, 0.3708696663379669, 0.3714008629322052, 0.37055936455726624, 0.36998334527015686, 0.3694932162761688, 0.3691127300262451, 0.3699660897254944]","[0.43571746349334717, 0.4217125177383423, 0.42269980907440186, 0.41839686036109924, 0.41994860768318176, 0.4171611964702606, 0.4159768223762512, 0.41430941224098206, 0.41672101616859436, 0.41037020087242126, 0.41380754113197327, 0.4150247871875763, 0.41404107213020325, 0.4160778820514679, 0.4094609320163727, 0.41278132796287537, 0.4098588228225708, 0.40864109992980957, 0.41464763879776, 0.4115307927131653, 0.41437333822250366, 0.4211812913417816, 0.41462013125419617, 0.41735517978668213, 0.4161856770515442, 0.4136967062950134, 0.4239816963672638, 0.41955840587615967, 0.41691136360168457, 0.4264833629131317, 0.41770580410957336, 0.41741517186164856, 0.41580623388290405, 0.4218272864818573, 0.429424524307251, 0.42484116554260254, 0.4237394630908966, 0.4220210611820221, 0.4249018728733063, 0.4178149104118347, 0.4210716485977173, 0.4194691777229309, 0.4232240319252014, 0.4246486723423004, 0.42447298765182495, 0.4259599447250366, 0.4217754602432251, 0.4245363175868988, 0.4248102903366089, 0.432019978761673]","[0.30992833213275384, 0.31961152283892813, 0.3139467461960962, 0.31177127671627, 0.30984593144011024, 0.3096635028104594, 0.3131162794958967, 0.3087143339417353, 0.3064660899729018, 0.30613989397696145, 0.3074773768334243, 0.30363741190686044, 0.31196651381692936, 0.3036849030044391, 0.30647838918268144, 0.31074114012761006, 0.3056542670063313, 0.30700134535452195, 0.3106235148020664, 0.31288724805979157, 0.3121773724710064, 0.30991194567089664, 0.3101480673844767, 0.31186126988494844, 0.30907958168101696, 0.31263796955721596, 0.30633544504535476, 0.3071787187184209, 0.306796415703943, 0.30560157329004584, 0.3070901031982107, 0.3070764819852326, 0.30544569783407655, 0.3053156294771328, 0.3070786332099613, 0.3109076394426972, 0.3037916241043132, 0.31005987059492185, 0.31312435876103234, 0.3108589500456353, 0.30976022488338945, 0.3122262870173908, 0.31436830630636303, 0.31762879487642054, 0.31638059517639544, 0.31774193904558246, 0.3199498673743791, 0.3192096418923493, 0.31957664491886295, 0.3177385532449349, 0.3205715644723423, 0.3195050160803529, 0.31920315001554506, 0.31799222611867334, 0.3216043350084466, 0.3254964559253713, 0.31781998528184324, 0.3220857711411892, 0.3231246773173608, 0.3179933120575157, 0.3145457510460215, 0.31954916257618576, 0.3181985657347811, 0.3198515045150606, 0.31484429926161706, 0.31953277429515625, 0.3188779941581096, 0.31314898660837853, 0.3159909104958471, 0.3112892625147821, 0.31102498804003376, 0.31032793911397993, 0.3152210874018164, 0.3123104130344288, 0.31826813152491296, 0.31568145666345016, 0.3146483923845274, 0.31946657547188834, 0.31913457150091173, 0.31497547453138947, 0.3216951541883513, 0.31639467910119407, 0.32043899389742947, 0.3158917684957412, 0.3164554194445242, 0.31638233687334044, 0.3138016837931621, 0.30965526848763925, 0.31038987422545894, 0.3097510515466413]"
9,per_student,3865,0.12807166464381559,0.23873071316118438,0.7353725047019062,0.42490681688299964,0.48700067169771466,-0.03503550031619107,0.2764892407634076,0.14708100382023648,0.3835114128943707,0.8399632571940486,7.2504372846645655,"[0.6428771018981934, 0.5607635378837585, 0.5520668625831604, 0.5463460087776184, 0.5410501956939697, 0.5364655256271362, 0.5318353176116943, 0.5283486843109131, 0.5242375731468201, 0.5208838582038879, 0.5179308652877808, 0.5148292183876038, 0.5123966336250305, 0.5088202953338623, 0.5065404772758484, 0.5039918422698975, 0.5019383430480957, 0.49959051609039307, 0.4983121454715729, 0.4968673884868622, 0.49380946159362793, 0.49334535002708435, 0.491216242313385, 0.4892786145210266, 0.4871479272842407, 0.4869844615459442, 0.4842830002307892, 0.48412880301475525, 0.4817867577075958, 0.48127907514572144, 0.4787709414958954, 0.47843652963638306, 0.4770563542842865, 0.47604236006736755, 0.4745505154132843, 0.472961962223053, 0.47168657183647156, 0.47179871797561646, 0.47047489881515503, 0.46837106347084045, 0.4677848815917969, 0.4665098488330841, 0.46535634994506836, 0.46407198905944824, 0.46345213055610657, 0.4625808596611023, 0.4618189334869385, 0.4603383243083954, 0.4598369896411896, 0.4599766731262207]","[0.588955819606781, 0.5864281058311462, 0.5816505551338196, 0.5821402668952942, 0.5844488143920898, 0.5870635509490967, 0.5851743221282959, 0.5823860764503479, 0.5848413705825806, 0.5853574275970459, 0.5830880403518677, 0.585494339466095, 0.5883455276489258, 0.5877854824066162, 0.5857179760932922, 0.5869488716125488, 0.5896768569946289, 0.5884731411933899, 0.5873317122459412, 0.582861602306366, 0.5891771912574768, 0.5914015173912048, 0.5910704135894775, 0.5919386148452759, 0.5902582406997681, 0.5914152264595032, 0.5916202664375305, 0.5939726233482361, 0.5970083475112915, 0.5957725048065186, 0.5951769351959229, 0.5928633809089661, 0.5971789360046387, 0.5975467562675476, 0.6028846502304077, 0.598185658454895, 0.6055907607078552, 0.5994869470596313, 0.6032612919807434, 0.6010969281196594, 0.6044725179672241, 0.6028489470481873, 0.6061508655548096, 0.6050587296485901, 0.6022471189498901, 0.6016290187835693, 0.6006330251693726, 0.601441502571106, 0.6006147265434265, 0.6021741032600403]","[0.27957841973330433, 0.28183567866388726, 0.2798689047352844, 0.28038157423694, 0.27571128290046265, 0.27852298894519223, 0.28025873494961534, 0.28007782532882003, 0.2769410728980224, 0.2773174185513166, 0.27569001420824063, 0.2717498473461911, 0.275741924289313, 0.27503126442325393, 0.2674992653797088, 0.27130613389092245, 0.27166885544196495, 0.26965347932955946, 0.27040078438805076, 0.2697960992261794, 0.2751185998882383, 0.2749673144179572, 0.2737837276510105, 0.27639788956359645, 0.2724325778882422, 0.2742705547402962, 0.271689636274985, 0.27566047192047916, 0.2769664491742475, 0.2744963574666309, 0.27641095742717037, 0.2831916813362437, 0.2731903496079642, 0.2756383508925378, 0.27704094353013237, 0.2806802830747471, 0.28059330951803674, 0.28170261177597183, 0.2823396922227938, 0.27522412247460876, 0.28144098237772175, 0.2790662420502257, 0.2772344584096912, 0.276923528907543, 0.27406180365081323, 0.2755325127332814, 0.26995915720235936, 0.27123413800765195, 0.26640399867799164, 0.2724078172413194, 0.27075406218773584, 0.2761642959644379, 0.2741886759360774, 0.2738216421976552, 0.27894430432328204, 0.27720434875419797, 0.2805582144744092, 0.28022886799310653, 0.28271687865471284, 0.28444455898428733, 0.28684769616306793, 0.28584760202753695, 0.2861586330823025, 0.2800489705811711, 0.2852146910165756, 0.2831751902184752, 0.2827525073578799, 0.28136743313534257, 0.28019476268621063, 0.2749616125969741, 0.27882241068451363, 0.27504850504000267, 0.27347377311819543, 0.2745074566647651, 0.2739677683883338, 0.27269813873181437, 0.2775476145787128, 0.275138585742971, 0.271580996590414, 0.26841357120277637, 0.2715582704201635, 0.27121774469714616, 0.2681421462038475, 0.27156863199744236, 0.2719214419488205, 0.27845706021550315, 0.2748303539663072, 0.2803226507116691, 0.2801996079980792, 0.28392790249905]"
